case_id,input_or_change,expected_result,planned_phase,status,implementation_path,test_path,command,exit_code,evidence
V01,New-profile baseline contains no old serialized relation/basis fields,Accept with witnesses compiled from its selected binding.,I4,passing,"packages/core-ts/src/reliance/{rm-v1-claims,rm-v1-slice,rm-v1-authority,rm-scope,profile}.ts; packages/core-py/qi_vc_core/reliance/{rm_v1_claims,rm_v1_artifacts,rm_v1_authority,rm_scope,profile}.py","packages/core-ts/tests/{rm-v1-claims,rm-v1-authority,rm-v1-slice}.test.ts; packages/core-py/tests/{test_rm_v1_claims,test_rm_v1_authority,test_rm_v1_slice}.py",pnpm -C packages/core-ts exec vitest run tests/rm-v1-claims.test.ts tests/rm-v1-authority.test.ts tests/rm-v1-slice.test.ts; uv run --locked --all-packages --extra dev pytest packages/core-py/tests/test_rm_v1_claims.py packages/core-py/tests/test_rm_v1_authority.py packages/core-py/tests/test_rm_v1_slice.py,0;0,"Passing 2026-09-27 (I4): the signed RM baseline carries no legacy relation/basis fields (fixture scan) and is accepted for x=178 with witnesses compiled from the RM v1 binding: route:operational-scope, D, O, A, record:O#scope-as-m1; support D, S, H; conformity arithmetic. See standards-first-i4-evidence.md."
V02,Legacy edge-only credential under new profile,Unsupported authorization; no silent fallback.,I5,passing,packages/core-ts/src/legacy/index.ts; packages/core-py/qi_vc_core/legacy/__init__.py; packages/core-ts/src/reliance/rm-v1-slice.ts; packages/core-py/qi_vc_core/reliance/rm_v1_artifacts.py,packages/core-ts/tests/legacy-profile.test.ts; packages/core-py/tests/test_legacy_profile.py,pnpm -C packages/core-ts exec vitest run tests/legacy-profile.test.ts; uv run --locked --all-packages --extra dev pytest packages/core-py/tests/test_legacy_profile.py,0;0,"Passing 2026-09-28 (I5): the legacy calibration-direct-accreditation target under the RM v1 profile stops at the gate-0 carrier check (""exact supported context combination""), claim not_established with no witnesses, decision not_established; nothing from the legacy verifier appears in the result (no silent fallback). See standards-first-i5-evidence.md."
V03,Same legacy credential under explicit supported legacy profile,Evaluate original secured representation; label legacy profile.,I5,passing,packages/core-ts/src/legacy/index.ts; packages/core-py/qi_vc_core/legacy/__init__.py; packages/core-ts/src/reliance/rm-v1-slice.ts; packages/core-py/qi_vc_core/reliance/rm_v1_artifacts.py,packages/core-ts/tests/legacy-profile.test.ts; packages/core-py/tests/test_legacy_profile.py,pnpm -C packages/core-ts exec vitest run tests/legacy-profile.test.ts; uv run --locked --all-packages --extra dev pytest packages/core-py/tests/test_legacy_profile.py,0;0,"Passing 2026-09-28 (I5): evaluateLegacyProfile / evaluate_legacy_profile runs the v0.3 verifier on the original secured bytes (proof and status skipping refused) and labels the result with the legacy profile (legacy-qi-vc-graph 0.3, label legacy) and its limitations. The GS hair-dryer graph verifies 7 real proofs and is accepted under the legacy profile; a placeholder proof is never valid (calibration-direct-accreditation not accepted). See standards-first-i5-evidence.md."
V04,Arbitrary `termsOfUse` object/type named like a trust policy,Establishes no authorization without a recognized interpretation.,I2/I3,passing,"packages/core-ts/src/reliance/{rm-v1-slice,rm-v1-authority,rm-scope}.ts; packages/core-py/qi_vc_core/reliance/{rm_v1_artifacts,rm_v1_authority,rm_scope}.py","packages/core-ts/tests/{rm-v1-authority,rm-v1-slice}.test.ts; packages/core-py/tests/{test_rm_v1_authority,test_rm_v1_slice}.py",pnpm -C packages/core-ts exec vitest run tests/rm-v1-authority.test.ts tests/rm-v1-slice.test.ts; uv run --locked --all-packages --extra dev pytest packages/core-py/tests/test_rm_v1_authority.py packages/core-py/tests/test_rm_v1_slice.py,0;0,Passing 2026-09-25 (I3): a termsOfUse type the binding does not define cannot be signed in safe mode; the unsigned variant is contradicted at the schema check and claim authorization is not_established with no route witnesses. See standards-first-i3-evidence.md.
V05,"`evidence` only, with no authorizing basis",Support cannot discharge required authority.,I3,passing,"packages/core-ts/src/reliance/{rm-v1-slice,rm-v1-authority,rm-scope}.ts; packages/core-py/qi_vc_core/reliance/{rm_v1_artifacts,rm_v1_authority,rm_scope}.py","packages/core-ts/tests/{rm-v1-authority,rm-v1-slice}.test.ts; packages/core-py/tests/{test_rm_v1_authority,test_rm_v1_slice}.py",pnpm -C packages/core-ts exec vitest run tests/rm-v1-authority.test.ts tests/rm-v1-slice.test.ts; uv run --locked --all-packages --extra dev pytest packages/core-py/tests/test_rm_v1_authority.py packages/core-py/tests/test_rm_v1_slice.py,0;0,"Passing 2026-09-25 (I3): with termsOfUse removed and D re-signed, the authorizing-reference basis is not_established and authorization is not_established while support stays established (support is not authority); decision not_established. See standards-first-i3-evidence.md."
V06,`prov:wasDerivedFrom` only,No authority inheritance or containment success.,I3,passing,"packages/core-ts/src/reliance/{rm-v1-slice,rm-v1-authority}.ts; packages/core-py/qi_vc_core/reliance/{rm_v1_artifacts,rm_v1_authority}.py",packages/core-ts/tests/rm-v1-authority.test.ts; packages/core-py/tests/test_rm_v1_authority.py,pnpm -C packages/core-ts exec vitest run tests/rm-v1-authority.test.ts tests/rm-v1-slice.test.ts; uv run --locked --all-packages --extra dev pytest packages/core-py/tests/test_rm_v1_authority.py packages/core-py/tests/test_rm_v1_slice.py,0;0,Passing 2026-09-25 (I3 step 3): D re-signed with only an absolute-IRI prov:wasDerivedFrom pointing at O (no termsOfUse) is contradicted at its closed schema; authority not_established; no route witnesses. Provenance never establishes permission or containment. See standards-first-i3-evidence.md (step 3).
V07,Add an unrelated authentic accreditation to the VP,No accidental new right.,I3,passing,"packages/core-ts/src/reliance/{rm-v1-slice,rm-v1-authority,rm-scope}.ts; packages/core-py/qi_vc_core/reliance/{rm_v1_artifacts,rm_v1_authority,rm_scope}.py","packages/core-ts/tests/{rm-v1-authority,rm-v1-slice}.test.ts; packages/core-py/tests/{test_rm_v1_authority,test_rm_v1_slice}.py",pnpm -C packages/core-ts exec vitest run tests/rm-v1-authority.test.ts tests/rm-v1-slice.test.ts; uv run --locked --all-packages --extra dev pytest packages/core-py/tests/test_rm_v1_authority.py packages/core-py/tests/test_rm_v1_slice.py,0;0,Passing 2026-09-25 (I3): adding the authentic D197 certificate to the supplied evidence leaves route witnesses and decision unchanged; only referenced credentials are followed. See standards-first-i3-evidence.md.
V08,"Authenticated independently discovered grant naming the actual issuer, accepted discovery rule",May establish its specified authority without a custom leaf pointer.,I3,excluded_unsupported,,,,,"I0 audit 2026-09-24: new binding/evaluator and secured acceptance harness pending. See standards-first-i0-evidence.md. 2026-09-25 (I3, owner decision): independent grant discovery is declared unsupported in the RM v1 manifest (discoveryAndIntegrity.independentGrantBinding); authority counts only through termsOfUse references on the chain, and an unreferenced accreditation grants nothing (V05/V08 test). See standards-first-i3-evidence.md."
V09,Credential requests a weaker/unaccepted profile,Not established under the requested reliance policy.,I2,passing,"packages/core-ts/src/reliance/{rm-v1-slice,rm-v1-artifacts,key-authorization,status-list}.ts; packages/core-py/qi_vc_core/reliance/{rm_v1_artifacts,key_authorization,status_list}.py","packages/core-ts/tests/{rm-v1-slice,status-list,key-authorization}.test.ts; packages/core-py/tests/{test_rm_v1_slice,test_key_authorization}.py",pnpm -C packages/core-ts exec vitest run tests/rm-v1-slice.test.ts tests/status-list.test.ts tests/key-authorization.test.ts; uv run --locked --all-packages --extra dev pytest packages/core-py/tests/test_rm_v1_slice.py packages/core-py/tests/test_key_authorization.py,0;0,"Passing 2026-09-25 (I2): a request naming another profile is refused at gate 0 (trace accepted-plan, not_established, nothing resolved); a credential declaring another schema is contradicted at the type check. See standards-first-i2-evidence.md."
V10,Multiple recognized schemas/contexts,Deterministic accepted composition or explicit unsupported outcome.,I2,passing,"packages/core-ts/src/reliance/{rm-v1-slice,rm-v1-artifacts,key-authorization,status-list}.ts; packages/core-py/qi_vc_core/reliance/{rm_v1_artifacts,key_authorization,status_list}.py","packages/core-ts/tests/{rm-v1-slice,status-list,key-authorization}.test.ts; packages/core-py/tests/{test_rm_v1_slice,test_key_authorization}.py",pnpm -C packages/core-ts exec vitest run tests/rm-v1-slice.test.ts tests/status-list.test.ts tests/key-authorization.test.ts; uv run --locked --all-packages --extra dev pytest packages/core-py/tests/test_rm_v1_slice.py packages/core-py/tests/test_key_authorization.py,0;0,"Passing 2026-09-25 (I2): multiple credentialSchema declarations and any context list other than the exact accepted one are not_established (unsupported), never guessed. See standards-first-i2-evidence.md."
V11,Unknown optional annotation versus missing required semantic term,Optional data remains inert; required unresolved meaning blocks reliance.,I2,passing,"packages/core-ts/src/reliance/{rm-v1-slice,rm-v1-artifacts,key-authorization,status-list}.ts; packages/core-py/qi_vc_core/reliance/{rm_v1_artifacts,key_authorization,status_list}.py","packages/core-ts/tests/{rm-v1-slice,status-list,key-authorization}.test.ts; packages/core-py/tests/{test_rm_v1_slice,test_key_authorization}.py",pnpm -C packages/core-ts exec vitest run tests/rm-v1-slice.test.ts tests/status-list.test.ts tests/key-authorization.test.ts; uv run --locked --all-packages --extra dev pytest packages/core-py/tests/test_rm_v1_slice.py packages/core-py/tests/test_key_authorization.py,0;0,Passing 2026-09-25 (I2): a re-signed standard optional description leaves protection and extracted facts unchanged; a missing required quantityKind is contradicted at the schema check. See standards-first-i2-evidence.md.
V12,Undefined decision-relevant JSON-LD field or protected-term redefinition,Processing refuses it; no dropped restriction.,I1/I2,passing,"packages/core-ts/src/reliance/{rm-v1-slice,rm-v1-artifacts,key-authorization,status-list}.ts; packages/core-py/qi_vc_core/reliance/{rm_v1_artifacts,key_authorization,status_list}.py","packages/core-ts/tests/{rm-v1-slice,status-list,key-authorization}.test.ts; packages/core-py/tests/{test_rm_v1_slice,test_key_authorization}.py",pnpm -C packages/core-ts exec vitest run tests/rm-v1-slice.test.ts tests/status-list.test.ts tests/key-authorization.test.ts; uv run --locked --all-packages --extra dev pytest packages/core-py/tests/test_rm_v1_slice.py packages/core-py/tests/test_key_authorization.py,0;0,"Passing 2026-09-25 (I1/I2): undefined terms are refused (TS jsonld safe mode; Python sentinel @vocab check, narrower than safe mode) and closed schemas reject undeclared claims before facts are read. See standards-first-i2-evidence.md."
P01,"Correct signed complete RM chain, proper fixture key relationships",Real verification and reliance succeed for x=178.,I4,passing,"packages/core-ts/src/reliance/{rm-v1-claims,rm-v1-slice,rm-v1-authority,rm-scope,profile}.ts; packages/core-py/qi_vc_core/reliance/{rm_v1_claims,rm_v1_artifacts,rm_v1_authority,rm_scope,profile}.py","packages/core-ts/tests/{rm-v1-claims,rm-v1-authority,rm-v1-slice}.test.ts; packages/core-py/tests/{test_rm_v1_claims,test_rm_v1_authority,test_rm_v1_slice}.py",pnpm -C packages/core-ts exec vitest run tests/rm-v1-claims.test.ts tests/rm-v1-authority.test.ts tests/rm-v1-slice.test.ts; uv run --locked --all-packages --extra dev pytest packages/core-py/tests/test_rm_v1_claims.py packages/core-py/tests/test_rm_v1_authority.py packages/core-py/tests/test_rm_v1_slice.py,0;0,"Passing 2026-09-27 (I4): the signed complete chain with real Ed25519 proofs, controller-document keys and Bitstring status is verified and relied upon for x=178: decision accept. See standards-first-i4-evidence.md."
P02,Modify target bytes without re-signing,Protection contradiction; no authority/conformity use of altered facts.,I1/I2,passing,"packages/core-ts/src/reliance/{rm-v1-slice,rm-v1-artifacts,key-authorization,status-list}.ts; packages/core-py/qi_vc_core/reliance/{rm_v1_artifacts,key_authorization,status_list}.py","packages/core-ts/tests/{rm-v1-slice,status-list,key-authorization}.test.ts; packages/core-py/tests/{test_rm_v1_slice,test_key_authorization}.py",pnpm -C packages/core-ts exec vitest run tests/rm-v1-slice.test.ts tests/status-list.test.ts tests/key-authorization.test.ts; uv run --locked --all-packages --extra dev pytest packages/core-py/tests/test_rm_v1_slice.py packages/core-py/tests/test_key_authorization.py,0;0,"Passing 2026-09-25 (I2): changed bytes without re-signing contradict gate 2 (signature); gate 3 not_run, no facts or claims read, decision reject. See standards-first-i2-evidence.md."
P03,Cryptographically valid proof using a key not authorized for that issuer/purpose,Protection fails.,I1/I2,passing,"packages/core-ts/src/reliance/{rm-v1-slice,rm-v1-artifacts,key-authorization,status-list}.ts; packages/core-py/qi_vc_core/reliance/{rm_v1_artifacts,key_authorization,status_list}.py","packages/core-ts/tests/{rm-v1-slice,status-list,key-authorization}.test.ts; packages/core-py/tests/{test_rm_v1_slice,test_key_authorization}.py",pnpm -C packages/core-ts exec vitest run tests/rm-v1-slice.test.ts tests/status-list.test.ts tests/key-authorization.test.ts; uv run --locked --all-packages --extra dev pytest packages/core-py/tests/test_rm_v1_slice.py packages/core-py/tests/test_key_authorization.py,0;0,Passing 2026-09-25 (I2): a D validly signed by the laboratory key is contradicted at gate 2 key authorization (NOT_ISSUER_CONTROLLER); KA-01..KA-17 vectors. See standards-first-i2-evidence.md.
P04,Missing key resolver/required registry resolver,Not established; never green acceptance.,I2,passing,"packages/core-ts/src/reliance/{rm-v1-slice,rm-v1-artifacts,key-authorization,status-list}.ts; packages/core-py/qi_vc_core/reliance/{rm_v1_artifacts,key_authorization,status_list}.py","packages/core-ts/tests/{rm-v1-slice,status-list,key-authorization}.test.ts; packages/core-py/tests/{test_rm_v1_slice,test_key_authorization}.py",pnpm -C packages/core-ts exec vitest run tests/rm-v1-slice.test.ts tests/status-list.test.ts tests/key-authorization.test.ts; uv run --locked --all-packages --extra dev pytest packages/core-py/tests/test_rm_v1_slice.py packages/core-py/tests/test_key_authorization.py,0;0,"Passing 2026-09-25 (I2): a missing controller document gives key CONTROLLER_NOT_INSTALLED, not_established, never acceptance. The RM v1 binding has no trust registry (see P05). See standards-first-i2-evidence.md."
P05,Registry with invalid proof or untrusted bootstrap,Registry contents cannot establish authority.,I2,excluded_unsupported,,,,,I0 audit 2026-09-24: new binding/evaluator and secured acceptance harness pending. See standards-first-i0-evidence.md. 2026-09-25: the RM v1 binding has no trust registry; anchors are verifier-profile configuration. Registry authentication remains covered only by the legacy trust-registry tests (SEC-1).
P06,"Parent grantee is another issuer; separately, parent grantee missing",Mismatch rejected; missing required binding blocked with precise reason.,I3,passing,"packages/core-ts/src/reliance/{rm-v1-slice,rm-v1-authority,rm-scope}.ts; packages/core-py/qi_vc_core/reliance/{rm_v1_artifacts,rm_v1_authority,rm_scope}.py","packages/core-ts/tests/{rm-v1-authority,rm-v1-slice}.test.ts; packages/core-py/tests/{test_rm_v1_authority,test_rm_v1_slice}.py",pnpm -C packages/core-ts exec vitest run tests/rm-v1-authority.test.ts tests/rm-v1-slice.test.ts; uv run --locked --all-packages --extra dev pytest packages/core-py/tests/test_rm_v1_authority.py packages/core-py/tests/test_rm_v1_slice.py,0;0,Passing 2026-09-25 (I3): O granted to another party contradicts principal-binding; A naming another grantee contradicts accreditation-grantee (chain re-issued so integrity holds); O without a grantee is contradicted at its schema and the authorizing reference is contradicted with the reason naming the missing id. All reject. See standards-first-i3-evidence.md.
P07,`skipProof` or placeholder proof in reliance mode,No successful verified reliance.,I2,passing,"packages/core-ts/src/reliance/{rm-v1-slice,rm-v1-artifacts,key-authorization,status-list}.ts; packages/core-py/qi_vc_core/reliance/{rm_v1_artifacts,key_authorization,status_list}.py","packages/core-ts/tests/{rm-v1-slice,status-list,key-authorization}.test.ts; packages/core-py/tests/{test_rm_v1_slice,test_key_authorization}.py",pnpm -C packages/core-ts exec vitest run tests/rm-v1-slice.test.ts tests/status-list.test.ts tests/key-authorization.test.ts; uv run --locked --all-packages --extra dev pytest packages/core-py/tests/test_rm_v1_slice.py packages/core-py/tests/test_key_authorization.py,0;0,Passing 2026-09-25 (I2): the new path has no skipProof option; a placeholder proofValue is contradicted at the signature check. See standards-first-i2-evidence.md.
P08,Correctly signed status statement by unauthorized status authority,Status cannot be established from it.,I2,passing,"packages/core-ts/src/reliance/{rm-v1-slice,rm-v1-artifacts,key-authorization,status-list}.ts; packages/core-py/qi_vc_core/reliance/{rm_v1_artifacts,key_authorization,status_list}.py","packages/core-ts/tests/{rm-v1-slice,status-list,key-authorization}.test.ts; packages/core-py/tests/{test_rm_v1_slice,test_key_authorization}.py",pnpm -C packages/core-ts exec vitest run tests/rm-v1-slice.test.ts tests/status-list.test.ts tests/key-authorization.test.ts; uv run --locked --all-packages --extra dev pytest packages/core-py/tests/test_rm_v1_slice.py packages/core-py/tests/test_key_authorization.py,0;0,Passing 2026-09-25 (I2): a correctly signed status list from the laboratory about producer credentials is not_established (status authority is the credential issuer). See standards-first-i2-evidence.md.
P09,"Required status unavailable/stale; separately, authenticated relevant revocation",Unknown for unavailable; contradiction for applicable revocation.,I2,passing,"packages/core-ts/src/reliance/{rm-v1-slice,rm-v1-artifacts,key-authorization,status-list}.ts; packages/core-py/qi_vc_core/reliance/{rm_v1_artifacts,key_authorization,status_list}.py","packages/core-ts/tests/{rm-v1-slice,status-list,key-authorization}.test.ts; packages/core-py/tests/{test_rm_v1_slice,test_key_authorization}.py",pnpm -C packages/core-ts exec vitest run tests/rm-v1-slice.test.ts tests/status-list.test.ts tests/key-authorization.test.ts; uv run --locked --all-packages --extra dev pytest packages/core-py/tests/test_rm_v1_slice.py packages/core-py/tests/test_key_authorization.py,0;0,Passing 2026-09-25 (I2): an authenticated set bit contradicts status and the decision is reject; a stale (older than the profile freshness) or unavailable list is not_established. See standards-first-i2-evidence.md.
P10,Missing optional status under a profile explicitly permitting that case,Defined behavior; does not weaken another profile requiring status.,I2,passing,"packages/core-ts/src/reliance/{rm-v1-slice,rm-v1-artifacts,key-authorization,status-list}.ts; packages/core-py/qi_vc_core/reliance/{rm_v1_artifacts,key_authorization,status_list}.py","packages/core-ts/tests/{rm-v1-slice,status-list,key-authorization}.test.ts; packages/core-py/tests/{test_rm_v1_slice,test_key_authorization}.py",pnpm -C packages/core-ts exec vitest run tests/rm-v1-slice.test.ts tests/status-list.test.ts tests/key-authorization.test.ts; uv run --locked --all-packages --extra dev pytest packages/core-py/tests/test_rm_v1_slice.py packages/core-py/tests/test_key_authorization.py,0;0,"Passing 2026-09-25 (I2), unit level: evaluateStatus returns established for missing status only under a profile with required=false and not_established otherwise; RM v1 schemas require credentialStatus. See standards-first-i2-evidence.md."
P11,Duplicate immutable credential ID with conflicting protected contents,Explicit conflict; no silent overwrite.,I2,passing,"packages/core-ts/src/reliance/{rm-v1-slice,rm-v1-artifacts,key-authorization,status-list}.ts; packages/core-py/qi_vc_core/reliance/{rm_v1_artifacts,key_authorization,status_list}.py","packages/core-ts/tests/{rm-v1-slice,status-list,key-authorization}.test.ts; packages/core-py/tests/{test_rm_v1_slice,test_key_authorization}.py",pnpm -C packages/core-ts exec vitest run tests/rm-v1-slice.test.ts tests/status-list.test.ts tests/key-authorization.test.ts; uv run --locked --all-packages --extra dev pytest packages/core-py/tests/test_rm_v1_slice.py packages/core-py/tests/test_key_authorization.py,0;0,Passing 2026-09-25 (I2): D197 bytes served under the D178 identity keep a valid signature but contradict gate 1 resource-identity (reject); conflicting content under one URI is refused at catalog installation (DUPLICATE_RESOURCE). See standards-first-i2-evidence.md.
P12,Required resource digest mismatch versus timeout,Distinct reasons and states.,I2,passing,"packages/core-ts/src/reliance/{rm-v1-slice,rm-v1-artifacts,key-authorization,status-list}.ts; packages/core-py/qi_vc_core/reliance/{rm_v1_artifacts,key_authorization,status_list}.py","packages/core-ts/tests/{rm-v1-slice,status-list,key-authorization}.test.ts; packages/core-py/tests/{test_rm_v1_slice,test_key_authorization}.py",pnpm -C packages/core-ts exec vitest run tests/rm-v1-slice.test.ts tests/status-list.test.ts tests/key-authorization.test.ts; uv run --locked --all-packages --extra dev pytest packages/core-py/tests/test_rm_v1_slice.py packages/core-py/tests/test_key_authorization.py,0;0,"Passing 2026-09-25 (I2): a relatedResource digest mismatch is contradicted; an unavailable resource or exhausted request budget (RESOURCE_BUDGET_EXCEEDED) is not_established. Resolution is offline, so no network timeout path exists. See standards-first-i2-evidence.md."
P13,Historical query with only current status,Not established if history is required.,I2/I4,passing,"packages/core-ts/src/reliance/{status-list,rm-v1-authority,rm-v1-slice}.ts; packages/core-py/qi_vc_core/reliance/{status_list,rm_v1_authority,rm_v1_artifacts}.py",packages/core-ts/tests/rm-v1-claims.test.ts; packages/core-py/tests/test_rm_v1_claims.py,pnpm -C packages/core-ts exec vitest run tests/rm-v1-claims.test.ts; uv run --locked --all-packages --extra dev pytest packages/core-py/tests/test_rm_v1_claims.py,0;0,"Passing 2026-09-27 (I4 step 2): a request whose activityTime (2026-03-01) precedes the status lists' observation time (validFrom 2026-09-01) gets credential-status not_established (""historical status is unavailable"") and decision not_established; the current question over the same bytes is accepted. Current status is never substituted for historical status (handover 7.3). See standards-first-i4-evidence.md."
P14,"Old activity predates scope extension, though covered today",Cannot use later scope as authorization for the old activity.,I2/I4,passing,"packages/core-ts/src/reliance/{status-list,rm-v1-authority,rm-v1-slice}.ts; packages/core-py/qi_vc_core/reliance/{status_list,rm_v1_authority,rm_v1_artifacts}.py",packages/core-ts/tests/rm-v1-claims.test.ts; packages/core-py/tests/test_rm_v1_claims.py,pnpm -C packages/core-ts exec vitest run tests/rm-v1-claims.test.ts; uv run --locked --all-packages --extra dev pytest packages/core-py/tests/test_rm_v1_claims.py,0;0,"Passing 2026-09-27 (I4 step 2): O re-issued valid only from 2026-01-25, after D's certification activity on 2026-01-20, still covers the claim today (bounded projection established) but the route basis scope-in-force-at-activity is not_established (""a later scope cannot authorize it""); claim and decision not_established. The baseline records that O and A were in force at the activity time. See standards-first-i4-evidence.md."
P15,Change purpose/profile/trust config/time between cached evaluations,No reuse of an incompatible reliance verdict.,I2,passing,"packages/core-ts/src/reliance/{rm-v1-slice,rm-v1-artifacts,key-authorization,status-list}.ts; packages/core-py/qi_vc_core/reliance/{rm_v1_artifacts,key_authorization,status_list}.py","packages/core-ts/tests/{rm-v1-slice,status-list,key-authorization}.test.ts; packages/core-py/tests/{test_rm_v1_slice,test_key_authorization}.py",pnpm -C packages/core-ts exec vitest run tests/rm-v1-slice.test.ts tests/status-list.test.ts tests/key-authorization.test.ts; uv run --locked --all-packages --extra dev pytest packages/core-py/tests/test_rm_v1_slice.py packages/core-py/tests/test_key_authorization.py,0;0,"Passing 2026-09-25 (I2): no reliance outcome is cached; evaluations at different times on one catalog give independent decisions (not_established, reject, not_established). See standards-first-i2-evidence.md."
P16,"Unsafe redirect, excessive decompression or resource budget exhaustion",Bounded stop; no reliance and no uncontrolled fetch.,I2,passing,"packages/core-ts/src/reliance/{rm-v1-slice,rm-v1-artifacts,key-authorization,status-list}.ts; packages/core-py/qi_vc_core/reliance/{rm_v1_artifacts,key_authorization,status_list}.py","packages/core-ts/tests/{rm-v1-slice,status-list,key-authorization}.test.ts; packages/core-py/tests/{test_rm_v1_slice,test_key_authorization}.py",pnpm -C packages/core-ts exec vitest run tests/rm-v1-slice.test.ts tests/status-list.test.ts tests/key-authorization.test.ts; uv run --locked --all-packages --extra dev pytest packages/core-py/tests/test_rm_v1_slice.py packages/core-py/tests/test_key_authorization.py,0;0,"Passing 2026-09-25 (I2): a signed 3 MiB decompression bomb stops at the 2 MiB bound; the request resource budget and maxDepth bound resolution. No network I/O exists, so redirects cannot occur. See standards-first-i2-evidence.md."
S01,"x=178, U=5, scope 50–500, L=200",Authorized; conforms with 183; accept.,I4,passing,"packages/core-ts/src/reliance/{rm-v1-claims,rm-v1-slice,rm-v1-authority,rm-scope,profile}.ts; packages/core-py/qi_vc_core/reliance/{rm_v1_claims,rm_v1_artifacts,rm_v1_authority,rm_scope,profile}.py","packages/core-ts/tests/{rm-v1-claims,rm-v1-authority,rm-v1-slice}.test.ts; packages/core-py/tests/{test_rm_v1_claims,test_rm_v1_authority,test_rm_v1_slice}.py",pnpm -C packages/core-ts exec vitest run tests/rm-v1-claims.test.ts tests/rm-v1-authority.test.ts tests/rm-v1-slice.test.ts; uv run --locked --all-packages --extra dev pytest packages/core-py/tests/test_rm_v1_claims.py packages/core-py/tests/test_rm_v1_authority.py packages/core-py/tests/test_rm_v1_slice.py,0;0,"Passing 2026-09-27 (I4): x=178, U=5: covered by O#scope-as-m1 (50–500 mg/kg), conforms ""178 + 5 = 183 ≤ 200 mg/kg"" under guarded-acceptance-expanded-u; accept. See standards-first-i4-evidence.md."
S02,"x=197, same other inputs",Authorized; nonconforming with 202; reject for decision rule.,I4,passing,"packages/core-ts/src/reliance/{rm-v1-claims,rm-v1-slice,rm-v1-authority,rm-scope,profile}.ts; packages/core-py/qi_vc_core/reliance/{rm_v1_claims,rm_v1_artifacts,rm_v1_authority,rm_scope,profile}.py","packages/core-ts/tests/{rm-v1-claims,rm-v1-authority,rm-v1-slice}.test.ts; packages/core-py/tests/{test_rm_v1_claims,test_rm_v1_authority,test_rm_v1_slice}.py",pnpm -C packages/core-ts exec vitest run tests/rm-v1-claims.test.ts tests/rm-v1-authority.test.ts tests/rm-v1-slice.test.ts; uv run --locked --all-packages --extra dev pytest packages/core-py/tests/test_rm_v1_claims.py packages/core-py/tests/test_rm_v1_authority.py packages/core-py/tests/test_rm_v1_slice.py,0;0,"Passing 2026-09-27 (I4): D197: authorized; conformity contradicted ""197 + 5 = 202 > 200 mg/kg""; reject for the decision rule. Authorization-only request for D197 is accepted. See standards-first-i4-evidence.md."
S03,x=520,Scope contradiction; conformity not run.,I4,passing,"packages/core-ts/src/reliance/{rm-v1-claims,rm-v1-slice,rm-v1-authority,rm-scope,profile}.ts; packages/core-py/qi_vc_core/reliance/{rm_v1_claims,rm_v1_artifacts,rm_v1_authority,rm_scope,profile}.py","packages/core-ts/tests/{rm-v1-claims,rm-v1-authority,rm-v1-slice}.test.ts; packages/core-py/tests/{test_rm_v1_claims,test_rm_v1_authority,test_rm_v1_slice}.py",pnpm -C packages/core-ts exec vitest run tests/rm-v1-claims.test.ts tests/rm-v1-authority.test.ts tests/rm-v1-slice.test.ts; uv run --locked --all-packages --extra dev pytest packages/core-py/tests/test_rm_v1_claims.py packages/core-py/tests/test_rm_v1_authority.py packages/core-py/tests/test_rm_v1_slice.py,0;0,"Passing 2026-09-27 (I4): D520: claim coverage contradicted (""value is above the range""); authorization contradicted; conformity not_run; reject. See standards-first-i4-evidence.md."
S04,x=195,Conforms at exact inclusive limit 200.,I4,passing,"packages/core-ts/src/reliance/{rm-v1-claims,rm-v1-slice,rm-v1-authority,rm-scope,profile}.ts; packages/core-py/qi_vc_core/reliance/{rm_v1_claims,rm_v1_artifacts,rm_v1_authority,rm_scope,profile}.py","packages/core-ts/tests/{rm-v1-claims,rm-v1-authority,rm-v1-slice}.test.ts; packages/core-py/tests/{test_rm_v1_claims,test_rm_v1_authority,test_rm_v1_slice}.py",pnpm -C packages/core-ts exec vitest run tests/rm-v1-claims.test.ts tests/rm-v1-authority.test.ts tests/rm-v1-slice.test.ts; uv run --locked --all-packages --extra dev pytest packages/core-py/tests/test_rm_v1_claims.py packages/core-py/tests/test_rm_v1_authority.py packages/core-py/tests/test_rm_v1_slice.py,0;0,"Passing 2026-09-27 (I4): x=195: ""195 + 5 = 200 ≤ 200 mg/kg"" conforms at the inclusive limit; accept. See standards-first-i4-evidence.md."
S05,"x=500, authorization-only request",In scope; conformity not requested.,I4,passing,"packages/core-ts/src/reliance/{rm-v1-claims,rm-v1-slice,rm-v1-authority,rm-scope,profile}.ts; packages/core-py/qi_vc_core/reliance/{rm_v1_claims,rm_v1_artifacts,rm_v1_authority,rm_scope,profile}.py","packages/core-ts/tests/{rm-v1-claims,rm-v1-authority,rm-v1-slice}.test.ts; packages/core-py/tests/{test_rm_v1_claims,test_rm_v1_authority,test_rm_v1_slice}.py",pnpm -C packages/core-ts exec vitest run tests/rm-v1-claims.test.ts tests/rm-v1-authority.test.ts tests/rm-v1-slice.test.ts; uv run --locked --all-packages --extra dev pytest packages/core-py/tests/test_rm_v1_claims.py packages/core-py/tests/test_rm_v1_authority.py packages/core-py/tests/test_rm_v1_slice.py,0;0,Passing 2026-09-27 (I4): x=500 with no conformity request: in scope at the inclusive upper endpoint; conformity not requested; accept. See standards-first-i4-evidence.md.
S06,x<50,Out of scope; lower bound checked.,I4,passing,"packages/core-ts/src/reliance/{rm-v1-claims,rm-v1-slice,rm-v1-authority,rm-scope,profile}.ts; packages/core-py/qi_vc_core/reliance/{rm_v1_claims,rm_v1_artifacts,rm_v1_authority,rm_scope,profile}.py","packages/core-ts/tests/{rm-v1-claims,rm-v1-authority,rm-v1-slice}.test.ts; packages/core-py/tests/{test_rm_v1_claims,test_rm_v1_authority,test_rm_v1_slice}.py",pnpm -C packages/core-ts exec vitest run tests/rm-v1-claims.test.ts tests/rm-v1-authority.test.ts tests/rm-v1-slice.test.ts; uv run --locked --all-packages --extra dev pytest packages/core-py/tests/test_rm_v1_claims.py packages/core-py/tests/test_rm_v1_authority.py packages/core-py/tests/test_rm_v1_slice.py,0;0,"Passing 2026-09-27 (I4): x=49.9: ""value is below the range"", conformity not_run, reject; x=50 (lower endpoint) accepted. See standards-first-i4-evidence.md."
S07,"M2 claimed against O restricted to M1, with A allowing both",O route fails; no implicit bypass to A.,I4,passing,"packages/core-ts/src/reliance/{rm-v1-claims,rm-v1-slice,rm-v1-authority,rm-scope,profile}.ts; packages/core-py/qi_vc_core/reliance/{rm_v1_claims,rm_v1_artifacts,rm_v1_authority,rm_scope,profile}.py","packages/core-ts/tests/{rm-v1-claims,rm-v1-authority,rm-v1-slice}.test.ts; packages/core-py/tests/{test_rm_v1_claims,test_rm_v1_authority,test_rm_v1_slice}.py",pnpm -C packages/core-ts exec vitest run tests/rm-v1-claims.test.ts tests/rm-v1-authority.test.ts tests/rm-v1-slice.test.ts; uv run --locked --all-packages --extra dev pytest packages/core-py/tests/test_rm_v1_claims.py packages/core-py/tests/test_rm_v1_authority.py packages/core-py/tests/test_rm_v1_slice.py,0;0,"Passing 2026-09-27 (I4): M2 claimed against O allowing M1 (A allows M1 and M2): coverage is checked against O only (sources O, never A); not_established with ""no governed M1 → M2 succession rule""; no witnesses. See standards-first-i4-evidence.md."
S08,Accepted M1→M2 succession rule versus explicit-extension rule versus missing interpretation,Distinct profile-governed results; missing semantics unknown.,I4,passing,"packages/core-ts/src/reliance/{rm-v1-claims,rm-v1-slice,rm-v1-authority,rm-scope,profile}.ts; packages/core-py/qi_vc_core/reliance/{rm_v1_claims,rm_v1_artifacts,rm_v1_authority,rm_scope,profile}.py","packages/core-ts/tests/{rm-v1-claims,rm-v1-authority,rm-v1-slice}.test.ts; packages/core-py/tests/{test_rm_v1_claims,test_rm_v1_authority,test_rm_v1_slice}.py",pnpm -C packages/core-ts exec vitest run tests/rm-v1-claims.test.ts tests/rm-v1-authority.test.ts tests/rm-v1-slice.test.ts; uv run --locked --all-packages --extra dev pytest packages/core-py/tests/test_rm_v1_claims.py packages/core-py/tests/test_rm_v1_authority.py packages/core-py/tests/test_rm_v1_slice.py,0;0,Passing 2026-09-27 (I4): profile mapping.methodSuccession accept-successor → accept; require-extension → contradicted; none → not_established. A method with no declared revision (M3) is contradicted under any rule. See standards-first-i4-evidence.md.
S09,Arsenic/M1 and lead/M2 records; claim arsenic/M2,Reject synthetic record combination.,I4,passing,"packages/core-ts/src/reliance/{rm-v1-claims,rm-v1-slice,rm-v1-authority,rm-scope,profile}.ts; packages/core-py/qi_vc_core/reliance/{rm_v1_claims,rm_v1_artifacts,rm_v1_authority,rm_scope,profile}.py","packages/core-ts/tests/{rm-v1-claims,rm-v1-authority,rm-v1-slice}.test.ts; packages/core-py/tests/{test_rm_v1_claims,test_rm_v1_authority,test_rm_v1_slice}.py",pnpm -C packages/core-ts exec vitest run tests/rm-v1-claims.test.ts tests/rm-v1-authority.test.ts tests/rm-v1-slice.test.ts; uv run --locked --all-packages --extra dev pytest packages/core-py/tests/test_rm_v1_claims.py packages/core-py/tests/test_rm_v1_authority.py packages/core-py/tests/test_rm_v1_slice.py,0;0,Passing 2026-09-27 (I4): O and A with As/M1 and Pb/M3 records: claim As/M3 contradicted (bounded projection itself established); reject. See standards-first-i4-evidence.md.
S10,RM matrix/form/property split across records,No splicing.,I4,passing,"packages/core-ts/src/reliance/{rm-v1-claims,rm-v1-slice,rm-v1-authority,rm-scope,profile}.ts; packages/core-py/qi_vc_core/reliance/{rm_v1_claims,rm_v1_artifacts,rm_v1_authority,rm_scope,profile}.py","packages/core-ts/tests/{rm-v1-claims,rm-v1-authority,rm-v1-slice}.test.ts; packages/core-py/tests/{test_rm_v1_claims,test_rm_v1_authority,test_rm_v1_slice}.py",pnpm -C packages/core-ts exec vitest run tests/rm-v1-claims.test.ts tests/rm-v1-authority.test.ts tests/rm-v1-slice.test.ts; uv run --locked --all-packages --extra dev pytest packages/core-py/tests/test_rm_v1_claims.py packages/core-py/tests/test_rm_v1_authority.py packages/core-py/tests/test_rm_v1_slice.py,0;0,"Passing 2026-09-27 (I4): records splitting form (Wire), matrix (CuZn40Pb2) and property (Pb) never combine: ""No single scope record covers the claim""; contradicted. See standards-first-i4-evidence.md."
S11,Two different claims each covered by its own complete record,Both authorized with different record witnesses.,I4,passing,"packages/core-ts/src/reliance/{rm-v1-claims,rm-v1-slice,rm-v1-authority,rm-scope,profile}.ts; packages/core-py/qi_vc_core/reliance/{rm_v1_claims,rm_v1_artifacts,rm_v1_authority,rm_scope,profile}.py","packages/core-ts/tests/{rm-v1-claims,rm-v1-authority,rm-v1-slice}.test.ts; packages/core-py/tests/{test_rm_v1_claims,test_rm_v1_authority,test_rm_v1_slice}.py",pnpm -C packages/core-ts exec vitest run tests/rm-v1-claims.test.ts tests/rm-v1-authority.test.ts tests/rm-v1-slice.test.ts; uv run --locked --all-packages --extra dev pytest packages/core-py/tests/test_rm_v1_claims.py packages/core-py/tests/test_rm_v1_authority.py packages/core-py/tests/test_rm_v1_slice.py,0;0,"Passing 2026-09-27 (I4): two claims (As, Pb) each covered by its own record: both established with witnesses record:O#as and record:O#pb; the As requirement applies to exactly one claim; accept. See standards-first-i4-evidence.md."
S12,Child interval spans adjacent parent records,No implicit union for bounded projection.,I4,passing,"packages/core-ts/src/reliance/{rm-v1-claims,rm-v1-slice,rm-v1-authority,rm-scope,profile}.ts; packages/core-py/qi_vc_core/reliance/{rm_v1_claims,rm_v1_artifacts,rm_v1_authority,rm_scope,profile}.py","packages/core-ts/tests/{rm-v1-claims,rm-v1-authority,rm-v1-slice}.test.ts; packages/core-py/tests/{test_rm_v1_claims,test_rm_v1_authority,test_rm_v1_slice}.py",pnpm -C packages/core-ts exec vitest run tests/rm-v1-claims.test.ts tests/rm-v1-authority.test.ts tests/rm-v1-slice.test.ts; uv run --locked --all-packages --extra dev pytest packages/core-py/tests/test_rm_v1_claims.py packages/core-py/tests/test_rm_v1_authority.py packages/core-py/tests/test_rm_v1_slice.py,0;0,Passing 2026-09-27 (I4): O range 100–400 against adjacent A records 50–300 and 300–500: bounded projection contradicted (no union); reject. See standards-first-i4-evidence.md.
S13,Child lower bound below parent while upper bound fits,Containment rejected.,I4,passing,"packages/core-ts/src/reliance/{rm-v1-claims,rm-v1-slice,rm-v1-authority,rm-scope,profile}.ts; packages/core-py/qi_vc_core/reliance/{rm_v1_claims,rm_v1_artifacts,rm_v1_authority,rm_scope,profile}.py","packages/core-ts/tests/{rm-v1-claims,rm-v1-authority,rm-v1-slice}.test.ts; packages/core-py/tests/{test_rm_v1_claims,test_rm_v1_authority,test_rm_v1_slice}.py",pnpm -C packages/core-ts exec vitest run tests/rm-v1-claims.test.ts tests/rm-v1-authority.test.ts tests/rm-v1-slice.test.ts; uv run --locked --all-packages --extra dev pytest packages/core-py/tests/test_rm_v1_claims.py packages/core-py/tests/test_rm_v1_authority.py packages/core-py/tests/test_rm_v1_slice.py,0;0,Passing 2026-09-27 (I4): O lower bound 40 below A's 50 with the upper bound fitting: bounded projection contradicted. See standards-first-i4-evidence.md.
S14,Missing/unknown/contradictory units,Comparison blocked with correct reason.,I4,passing,"packages/core-ts/src/reliance/{rm-v1-claims,rm-v1-slice,rm-v1-authority,rm-scope,profile}.ts; packages/core-py/qi_vc_core/reliance/{rm_v1_claims,rm_v1_artifacts,rm_v1_authority,rm_scope,profile}.py","packages/core-ts/tests/{rm-v1-claims,rm-v1-authority,rm-v1-slice}.test.ts; packages/core-py/tests/{test_rm_v1_claims,test_rm_v1_authority,test_rm_v1_slice}.py",pnpm -C packages/core-ts exec vitest run tests/rm-v1-claims.test.ts tests/rm-v1-authority.test.ts tests/rm-v1-slice.test.ts; uv run --locked --all-packages --extra dev pytest packages/core-py/tests/test_rm_v1_claims.py packages/core-py/tests/test_rm_v1_authority.py packages/core-py/tests/test_rm_v1_slice.py,0;0,"Passing 2026-09-27 (I4): unit ppm is refused by the binding schema (D contradicted, reject); coverage factor 3 is not mapped at gate 4 (""k = 2""), not_established; unknown units in scope ranges are not compared. See standards-first-i4-evidence.md."
S15,Equivalent mg/kg and kg/kg encodings,Same semantic outcome and equivalent arithmetic witness.,I4,passing,"packages/core-ts/src/reliance/{rm-v1-claims,rm-v1-slice,rm-v1-authority,rm-scope,profile}.ts; packages/core-py/qi_vc_core/reliance/{rm_v1_claims,rm_v1_artifacts,rm_v1_authority,rm_scope,profile}.py","packages/core-ts/tests/{rm-v1-claims,rm-v1-authority,rm-v1-slice}.test.ts; packages/core-py/tests/{test_rm_v1_claims,test_rm_v1_authority,test_rm_v1_slice}.py",pnpm -C packages/core-ts exec vitest run tests/rm-v1-claims.test.ts tests/rm-v1-authority.test.ts tests/rm-v1-slice.test.ts; uv run --locked --all-packages --extra dev pytest packages/core-py/tests/test_rm_v1_claims.py packages/core-py/tests/test_rm_v1_authority.py packages/core-py/tests/test_rm_v1_slice.py,0;0,"Passing 2026-09-27 (I4): value 0.000178 kg/kg, U 0.000005 kg/kg gives the same decision, record witness and arithmetic ""178 + 5 = 183 ≤ 200 mg/kg"" as the mg/kg encoding. See standards-first-i4-evidence.md."
S16,"NaN, infinity, reversed interval, negative uncertainty",Supported invalidity checks reject.,I4,passing,"packages/core-ts/src/reliance/{rm-v1-claims,rm-v1-slice,rm-v1-authority,rm-scope,profile}.ts; packages/core-py/qi_vc_core/reliance/{rm_v1_claims,rm_v1_artifacts,rm_v1_authority,rm_scope,profile}.py","packages/core-ts/tests/{rm-v1-claims,rm-v1-authority,rm-v1-slice}.test.ts; packages/core-py/tests/{test_rm_v1_claims,test_rm_v1_authority,test_rm_v1_slice}.py",pnpm -C packages/core-ts exec vitest run tests/rm-v1-claims.test.ts tests/rm-v1-authority.test.ts tests/rm-v1-slice.test.ts; uv run --locked --all-packages --extra dev pytest packages/core-py/tests/test_rm_v1_claims.py packages/core-py/tests/test_rm_v1_authority.py packages/core-py/tests/test_rm_v1_slice.py,0;0,"Passing 2026-09-27 (I4): NaN, Infinity and -5 as U are refused by the schema (reject); a reversed scope interval (500–50) is invalid: bounded projection contradicted, reject. See standards-first-i4-evidence.md."
S17,As/Ash; CuZn39Pb3/CuZn40Pb2; near-miss method labels,No substring or display-label authorization.,I4,passing,"packages/core-ts/src/reliance/{rm-v1-claims,rm-v1-slice,rm-v1-authority,rm-scope,profile}.ts; packages/core-py/qi_vc_core/reliance/{rm_v1_claims,rm_v1_artifacts,rm_v1_authority,rm_scope,profile}.py","packages/core-ts/tests/{rm-v1-claims,rm-v1-authority,rm-v1-slice}.test.ts; packages/core-py/tests/{test_rm_v1_claims,test_rm_v1_authority,test_rm_v1_slice}.py",pnpm -C packages/core-ts exec vitest run tests/rm-v1-claims.test.ts tests/rm-v1-authority.test.ts tests/rm-v1-slice.test.ts; uv run --locked --all-packages --extra dev pytest packages/core-py/tests/test_rm_v1_claims.py packages/core-py/tests/test_rm_v1_authority.py packages/core-py/tests/test_rm_v1_slice.py,0;0,"Passing 2026-09-27 (I4): As/Ash, CuZn39Pb3/CuZn40Pb2 and M1/M1a each contradict coverage by exact governed identifiers. See standards-first-i4-evidence.md."
S18,DCC method restriction but no governed claim method,No empty-array bypass.,I5,passing,"packages/core-ts/src/reliance/{cal-v1,cal-v1-evaluator,cal-v1-slice,binding-chain}.ts; packages/core-py/qi_vc_core/reliance/cal_v1.py; bindings/experimental/cal-v1/",packages/core-ts/tests/cal-v1.test.ts; packages/core-py/tests/test_cal_v1.py,pnpm -C packages/core-ts exec vitest run tests/cal-v1.test.ts; uv run --locked --all-packages --extra dev pytest packages/core-py/tests/test_cal_v1.py,0;0,"Passing 2026-09-28 (I5, calibration v1 binding): DCC-1 re-signed with group g1 naming no method (empty methodIris, or the member removed) against CA#scope-pressure, which restricts methods to PressureComparison: coverage not_established (""the group names no governed method""), claim and decision not_established; never an empty-array bypass. See standards-first-i5-evidence.md."
S19,DCC first group fails; later group succeeds,First failure remains; overall required conjunction fails.,I5,passing,"packages/core-ts/src/reliance/{cal-v1,cal-v1-evaluator,cal-v1-slice,binding-chain}.ts; packages/core-py/qi_vc_core/reliance/cal_v1.py; bindings/experimental/cal-v1/",packages/core-ts/tests/cal-v1.test.ts; packages/core-py/tests/test_cal_v1.py,pnpm -C packages/core-ts exec vitest run tests/cal-v1.test.ts; uv run --locked --all-packages --extra dev pytest packages/core-py/tests/test_cal_v1.py,0;0,"Passing 2026-09-28 (I5, calibration v1 binding): group g1 re-signed at 15000 kPa (outside 0–10000 kPa) with g2 unchanged: claims [contradicted, established]; each selected group is a separate required claim, so the later success does not erase the first failure; decision reject. See standards-first-i5-evidence.md."
S20,Missing/empty scope endpoint in bounded projection,No successful containment.,I4,passing,"packages/core-ts/src/reliance/{rm-v1-claims,rm-v1-slice,rm-v1-authority,rm-scope,profile}.ts; packages/core-py/qi_vc_core/reliance/{rm_v1_claims,rm_v1_artifacts,rm_v1_authority,rm_scope,profile}.py","packages/core-ts/tests/{rm-v1-claims,rm-v1-authority,rm-v1-slice}.test.ts; packages/core-py/tests/{test_rm_v1_claims,test_rm_v1_authority,test_rm_v1_slice}.py",pnpm -C packages/core-ts exec vitest run tests/rm-v1-claims.test.ts tests/rm-v1-authority.test.ts tests/rm-v1-slice.test.ts; uv run --locked --all-packages --extra dev pytest packages/core-py/tests/test_rm_v1_claims.py packages/core-py/tests/test_rm_v1_authority.py packages/core-py/tests/test_rm_v1_slice.py,0;0,Passing 2026-09-27 (I4): a missing upper endpoint or empty lower endpoint in O never yields a successful containment or accept. See standards-first-i4-evidence.md.
S21,"Calibration uncertainty below admitted CMC floor, where profile applies it","Scope contradiction, independently from conformity.",I5,passing,"packages/core-ts/src/reliance/{cal-v1,cal-v1-evaluator,cal-v1-slice,binding-chain}.ts; packages/core-py/qi_vc_core/reliance/cal_v1.py; bindings/experimental/cal-v1/",packages/core-ts/tests/cal-v1.test.ts; packages/core-py/tests/test_cal_v1.py,pnpm -C packages/core-ts exec vitest run tests/cal-v1.test.ts; uv run --locked --all-packages --extra dev pytest packages/core-py/tests/test_cal_v1.py,0;0,"Passing 2026-09-28 (I5, calibration v1 binding): g1 re-signed with U = 0.3 kPa below the admitted CMC 0.5 kPa: coverage contradicted (""below the admitted CMC""), reject, with no conformity request involved; under a profile with bindingRules.applyCmcFloor false the same bytes are accepted. See standards-first-i5-evidence.md."
S22,RM baseline without any accreditation uncertainty ceiling,Valid baseline still works; no invented ceiling.,I4,passing,"packages/core-ts/src/reliance/{rm-v1-claims,rm-v1-slice,rm-v1-authority,rm-scope,profile}.ts; packages/core-py/qi_vc_core/reliance/{rm_v1_claims,rm_v1_artifacts,rm_v1_authority,rm_scope,profile}.py","packages/core-ts/tests/{rm-v1-claims,rm-v1-authority,rm-v1-slice}.test.ts; packages/core-py/tests/{test_rm_v1_claims,test_rm_v1_authority,test_rm_v1_slice}.py",pnpm -C packages/core-ts exec vitest run tests/rm-v1-claims.test.ts tests/rm-v1-authority.test.ts tests/rm-v1-slice.test.ts; uv run --locked --all-packages --extra dev pytest packages/core-py/tests/test_rm_v1_claims.py packages/core-py/tests/test_rm_v1_authority.py packages/core-py/tests/test_rm_v1_slice.py,0;0,"Passing 2026-09-27 (I4): no uncertainty ceiling: U=40 is authorized (authorization-only accept); with the rule, ""178 + 40 = 218 > 200"" fails only conformity. See standards-first-i4-evidence.md."
S23,Asymmetric U supplied to symmetric-only baseline,Unsupported; never silently symmetrized.,I4,passing,"packages/core-ts/src/reliance/{rm-v1-claims,rm-v1-slice,rm-v1-authority,rm-scope,profile}.ts; packages/core-py/qi_vc_core/reliance/{rm_v1_claims,rm_v1_artifacts,rm_v1_authority,rm_scope,profile}.py","packages/core-ts/tests/{rm-v1-claims,rm-v1-authority,rm-v1-slice}.test.ts; packages/core-py/tests/{test_rm_v1_claims,test_rm_v1_authority,test_rm_v1_slice}.py",pnpm -C packages/core-ts exec vitest run tests/rm-v1-claims.test.ts tests/rm-v1-authority.test.ts tests/rm-v1-slice.test.ts; uv run --locked --all-packages --extra dev pytest packages/core-py/tests/test_rm_v1_claims.py packages/core-py/tests/test_rm_v1_authority.py packages/core-py/tests/test_rm_v1_slice.py,0;0,"Passing 2026-09-27 (I4): an asymmetric uncertainty member is an undefined term: TS safe mode refuses to sign it; the credential is contradicted at the closed schema (reject), never symmetrized. See standards-first-i4-evidence.md."
S24,Empty requested claims/results or omitted requested property,No accidental vacuous acceptance.,I4,passing,"packages/core-ts/src/reliance/{rm-v1-claims,rm-v1-slice,rm-v1-authority,rm-scope,profile}.ts; packages/core-py/qi_vc_core/reliance/{rm_v1_claims,rm_v1_artifacts,rm_v1_authority,rm_scope,profile}.py","packages/core-ts/tests/{rm-v1-claims,rm-v1-authority,rm-v1-slice}.test.ts; packages/core-py/tests/{test_rm_v1_claims,test_rm_v1_authority,test_rm_v1_slice}.py",pnpm -C packages/core-ts exec vitest run tests/rm-v1-claims.test.ts tests/rm-v1-authority.test.ts tests/rm-v1-slice.test.ts; uv run --locked --all-packages --extra dev pytest packages/core-py/tests/test_rm_v1_claims.py packages/core-py/tests/test_rm_v1_authority.py packages/core-py/tests/test_rm_v1_slice.py,0;0,Passing 2026-09-27 (I4): an empty claim list cannot be requested (request validation); a claim on a missing result is not_established. See standards-first-i4-evidence.md.
C01,"Competence AND scheme permission, both present",Complete route established.,I3,passing,"packages/core-ts/src/reliance/{rm-v1-slice,rm-v1-authority,rm-scope,status-list}.ts; packages/core-py/qi_vc_core/reliance/{rm_v1_artifacts,rm_v1_authority,rm_scope,status_list}.py; bindings/experimental/rm-v1/profiles/rm-verifier-two-routes-1.json","packages/core-ts/tests/{rm-v1-authority,rm-v1-slice}.test.ts; packages/core-py/tests/{test_rm_v1_authority,test_rm_v1_slice}.py",pnpm -C packages/core-ts exec vitest run tests/rm-v1-authority.test.ts tests/rm-v1-slice.test.ts; uv run --locked --all-packages --extra dev pytest packages/core-py/tests/test_rm_v1_authority.py packages/core-py/tests/test_rm_v1_slice.py,0;0,"Passing 2026-09-25 (I3 step 2): under the two-route profile, D re-issued citing O and the signed A2 establishes both operational-scope (D←O←A←NAB) and direct-accreditation (D←A2←NAB), with every basis established; the accreditation-suspension restriction covers A and A2 and holds; authority established. See standards-first-i3-evidence.md (step 2)."
C02,Same route missing scheme permission,Not established; competence alone insufficient.,I3,passing,"packages/core-ts/src/reliance/{rm-v1-slice,rm-v1-authority,rm-scope,status-list}.ts; packages/core-py/qi_vc_core/reliance/{rm_v1_artifacts,rm_v1_authority,rm_scope,status_list}.py; bindings/experimental/rm-v1/profiles/rm-verifier-two-routes-1.json","packages/core-ts/tests/{rm-v1-authority,rm-v1-slice}.test.ts; packages/core-py/tests/{test_rm_v1_authority,test_rm_v1_slice}.py",pnpm -C packages/core-ts exec vitest run tests/rm-v1-authority.test.ts tests/rm-v1-slice.test.ts; uv run --locked --all-packages --extra dev pytest packages/core-py/tests/test_rm_v1_authority.py packages/core-py/tests/test_rm_v1_slice.py,0;0,Passing 2026-09-25 (I3 step 2): O re-issued without its accreditation reference leaves maintenance-grant not_established; the operational-scope route and authority are not_established (the producer's own scope alone never authorizes); decision not_established. See standards-first-i3-evidence.md (step 2).
C03,"One route contradicted, another complete route established",Authorization succeeds if global restrictions hold.,I3,passing,"packages/core-ts/src/reliance/{rm-v1-slice,rm-v1-authority,rm-scope,status-list}.ts; packages/core-py/qi_vc_core/reliance/{rm_v1_artifacts,rm_v1_authority,rm_scope,status_list}.py; bindings/experimental/rm-v1/profiles/rm-verifier-two-routes-1.json","packages/core-ts/tests/{rm-v1-authority,rm-v1-slice}.test.ts; packages/core-py/tests/{test_rm_v1_authority,test_rm_v1_slice}.py",pnpm -C packages/core-ts exec vitest run tests/rm-v1-authority.test.ts tests/rm-v1-slice.test.ts; uv run --locked --all-packages --extra dev pytest packages/core-py/tests/test_rm_v1_authority.py packages/core-py/tests/test_rm_v1_slice.py,0;0,"Passing 2026-09-25 (I3 step 2): O granted to another party contradicts operational-scope while direct-accreditation via A2 is established; authority established with witnesses route:direct-accreditation, D, A2; the contradicted alternative does not reject the request. See standards-first-i3-evidence.md (step 2)."
C04,Every permitted complete route contradicted,Reject authorization.,I3,passing,"packages/core-ts/src/reliance/{rm-v1-slice,rm-v1-authority,rm-scope,status-list}.ts; packages/core-py/qi_vc_core/reliance/{rm_v1_artifacts,rm_v1_authority,rm_scope,status_list}.py; bindings/experimental/rm-v1/profiles/rm-verifier-two-routes-1.json","packages/core-ts/tests/{rm-v1-authority,rm-v1-slice}.test.ts; packages/core-py/tests/{test_rm_v1_authority,test_rm_v1_slice}.py",pnpm -C packages/core-ts exec vitest run tests/rm-v1-authority.test.ts tests/rm-v1-slice.test.ts; uv run --locked --all-packages --extra dev pytest packages/core-py/tests/test_rm_v1_authority.py packages/core-py/tests/test_rm_v1_slice.py,0;0,Passing 2026-09-25 (I3 step 2): O and A2 both granted to another party contradict both routes; authority contradicted; reject. See standards-first-i3-evidence.md (step 2).
C05,"One route contradicted, another unresolved",Authorization not established.,I3,passing,"packages/core-ts/src/reliance/{rm-v1-slice,rm-v1-authority,rm-scope,status-list}.ts; packages/core-py/qi_vc_core/reliance/{rm_v1_artifacts,rm_v1_authority,rm_scope,status_list}.py; bindings/experimental/rm-v1/profiles/rm-verifier-two-routes-1.json","packages/core-ts/tests/{rm-v1-authority,rm-v1-slice}.test.ts; packages/core-py/tests/{test_rm_v1_authority,test_rm_v1_slice}.py",pnpm -C packages/core-ts exec vitest run tests/rm-v1-authority.test.ts tests/rm-v1-slice.test.ts; uv run --locked --all-packages --extra dev pytest packages/core-py/tests/test_rm_v1_authority.py packages/core-py/tests/test_rm_v1_slice.py,0;0,"Passing 2026-09-25 (I3 step 2): O contradicted and the typed A2 reference unavailable (direct route not_established) gives authority not_established, not reject. See standards-first-i3-evidence.md (step 2)."
C06,Successful route plus applicable global suspension,Reject; route selection cannot bypass it.,I3,passing,"packages/core-ts/src/reliance/{rm-v1-slice,rm-v1-authority,rm-scope,status-list}.ts; packages/core-py/qi_vc_core/reliance/{rm_v1_artifacts,rm_v1_authority,rm_scope,status_list}.py; bindings/experimental/rm-v1/profiles/rm-verifier-two-routes-1.json","packages/core-ts/tests/{rm-v1-authority,rm-v1-slice}.test.ts; packages/core-py/tests/{test_rm_v1_authority,test_rm_v1_slice}.py",pnpm -C packages/core-ts exec vitest run tests/rm-v1-authority.test.ts tests/rm-v1-slice.test.ts; uv run --locked --all-packages --extra dev pytest packages/core-py/tests/test_rm_v1_authority.py packages/core-py/tests/test_rm_v1_slice.py,0;0,Passing 2026-09-25 (I3 step 2): the NAB suspension list with A2's bit set contradicts the accreditation-suspension restriction although the operational-scope route is established; authority contradicted; reject. Also under the single-route profile with A suspended. See standards-first-i3-evidence.md (step 2).
C07,Revoked unused unrelated candidate,Does not become an invented global suspension.,I3,passing,"packages/core-ts/src/reliance/{rm-v1-slice,rm-v1-authority,rm-scope,status-list}.ts; packages/core-py/qi_vc_core/reliance/{rm_v1_artifacts,rm_v1_authority,rm_scope,status_list}.py; bindings/experimental/rm-v1/profiles/rm-verifier-two-routes-1.json","packages/core-ts/tests/{rm-v1-authority,rm-v1-slice}.test.ts; packages/core-py/tests/{test_rm_v1_authority,test_rm_v1_slice}.py",pnpm -C packages/core-ts exec vitest run tests/rm-v1-authority.test.ts tests/rm-v1-slice.test.ts; uv run --locked --all-packages --extra dev pytest packages/core-py/tests/test_rm_v1_authority.py packages/core-py/tests/test_rm_v1_slice.py,0;0,"Passing 2026-09-25 (I3 step 2): A2 revoked (revocation bit, not suspension) makes the direct route contradicted; the restriction still holds and authority is established; A2's failure is diagnostic and does not reject. See standards-first-i3-evidence.md (step 2)."
C08,Operational scope within A but maintainer lacks projection permission,No valid projection.,I3,passing,"packages/core-ts/src/reliance/{rm-v1-slice,rm-v1-authority,rm-scope}.ts; packages/core-py/qi_vc_core/reliance/{rm_v1_artifacts,rm_v1_authority,rm_scope}.py","packages/core-ts/tests/{rm-v1-authority,rm-v1-slice}.test.ts; packages/core-py/tests/{test_rm_v1_authority,test_rm_v1_slice}.py",pnpm -C packages/core-ts exec vitest run tests/rm-v1-authority.test.ts tests/rm-v1-slice.test.ts; uv run --locked --all-packages --extra dev pytest packages/core-py/tests/test_rm_v1_authority.py packages/core-py/tests/test_rm_v1_slice.py,0;0,"Passing 2026-09-25 (I3): A without the scope-maintenance activity contradicts projection-permission; reject. Bounded projection is also contradicted for a scope wider than A, compared exactly across mg/kg and kg/kg. See standards-first-i3-evidence.md."
C09,Required study exists and is signed but lacks its own authority,Required support not established.,I3,passing,"packages/core-ts/src/reliance/{rm-v1-slice,rm-v1-authority,rm-scope}.ts; packages/core-py/qi_vc_core/reliance/{rm_v1_artifacts,rm_v1_authority,rm_scope}.py","packages/core-ts/tests/{rm-v1-authority,rm-v1-slice}.test.ts; packages/core-py/tests/{test_rm_v1_authority,test_rm_v1_slice}.py",pnpm -C packages/core-ts exec vitest run tests/rm-v1-authority.test.ts tests/rm-v1-slice.test.ts; uv run --locked --all-packages --extra dev pytest packages/core-py/tests/test_rm_v1_authority.py packages/core-py/tests/test_rm_v1_slice.py,0;0,Passing 2026-09-25 (I3): S re-signed without termsOfUse leaves laboratory-authority-reference not_established and support not_established. See standards-first-i3-evidence.md.
C10,Valid authorized study concerns another batch/instrument,Support applicability contradicted.,I3,passing,"packages/core-ts/src/reliance/{rm-v1-slice,rm-v1-authority,rm-scope}.ts; packages/core-py/qi_vc_core/reliance/{rm_v1_artifacts,rm_v1_authority,rm_scope}.py","packages/core-ts/tests/{rm-v1-authority,rm-v1-slice}.test.ts; packages/core-py/tests/{test_rm_v1_authority,test_rm_v1_slice}.py",pnpm -C packages/core-ts exec vitest run tests/rm-v1-authority.test.ts tests/rm-v1-slice.test.ts; uv run --locked --all-packages --extra dev pytest packages/core-py/tests/test_rm_v1_authority.py packages/core-py/tests/test_rm_v1_slice.py,0;0,"Passing 2026-09-25 (I3): an authorized S about another batch contradicts same-batch (laboratory-binding still established); support contradicted, reject. Study type outside H and a study after certification are contradicted too. See standards-first-i3-evidence.md."
C11,Required study unavailable,Support not established; distinguish C10.,I3,passing,"packages/core-ts/src/reliance/{rm-v1-slice,rm-v1-authority,rm-scope}.ts; packages/core-py/qi_vc_core/reliance/{rm_v1_artifacts,rm_v1_authority,rm_scope}.py","packages/core-ts/tests/{rm-v1-authority,rm-v1-slice}.test.ts; packages/core-py/tests/{test_rm_v1_authority,test_rm_v1_slice}.py",pnpm -C packages/core-ts exec vitest run tests/rm-v1-authority.test.ts tests/rm-v1-slice.test.ts; uv run --locked --all-packages --extra dev pytest packages/core-py/tests/test_rm_v1_authority.py packages/core-py/tests/test_rm_v1_slice.py,0;0,"Passing 2026-09-25 (I3): S absent from catalog and bundle gives support not_established and decision not_established, distinct from C10. See standards-first-i3-evidence.md."
C12,"Authorization cycle, support cycle and mixed cycle on a required route",No circular acceptance.,I3,passing,"packages/core-ts/src/reliance/{rm-v1-slice,rm-v1-authority}.ts; packages/core-py/qi_vc_core/reliance/{rm_v1_artifacts,rm_v1_authority}.py",packages/core-ts/tests/rm-v1-authority.test.ts; packages/core-py/tests/test_rm_v1_authority.py,pnpm -C packages/core-ts exec vitest run tests/rm-v1-authority.test.ts tests/rm-v1-slice.test.ts; uv run --locked --all-packages --extra dev pytest packages/core-py/tests/test_rm_v1_authority.py packages/core-py/tests/test_rm_v1_slice.py,0;0,"Passing 2026-09-25 (I3 step 3): authorization cycle (O re-issued citing D as its accreditation), self-reference (D citing itself) and mixed cycle (S citing D as its laboratory authority) are each detected on the active evaluation stack: the basis is not_established with ""Circular authorization""; never accepted. See standards-first-i3-evidence.md (step 3)."
C13,Shared DAG study used twice with compatible contexts,"Reuse allowed, not falsely classified as a cycle.",I3,passing,"packages/core-ts/src/reliance/{rm-v1-slice,rm-v1-authority}.ts; packages/core-py/qi_vc_core/reliance/{rm_v1_artifacts,rm_v1_authority}.py",packages/core-ts/tests/rm-v1-authority.test.ts; packages/core-py/tests/test_rm_v1_authority.py,pnpm -C packages/core-ts exec vitest run tests/rm-v1-authority.test.ts tests/rm-v1-slice.test.ts; uv run --locked --all-packages --extra dev pytest packages/core-py/tests/test_rm_v1_authority.py packages/core-py/tests/test_rm_v1_slice.py,0;0,"Passing 2026-09-25 (I3 step 3): D citing O and A under the two-route profile reuses A in both routes; both are established, no basis reports a cycle, and the suspension restriction counts A once. See standards-first-i3-evidence.md (step 3)."
C14,Same study used in different role/purpose,Appropriate independent node-use checks.,I3,passing,"packages/core-ts/src/reliance/{rm-v1-slice,rm-v1-authority}.ts; packages/core-py/qi_vc_core/reliance/{rm_v1_artifacts,rm_v1_authority}.py",packages/core-ts/tests/rm-v1-authority.test.ts; packages/core-py/tests/test_rm_v1_authority.py,pnpm -C packages/core-ts exec vitest run tests/rm-v1-authority.test.ts tests/rm-v1-slice.test.ts; uv run --locked --all-packages --extra dev pytest packages/core-py/tests/test_rm_v1_authority.py packages/core-py/tests/test_rm_v1_slice.py,0;0,Passing 2026-09-25 (I3 step 3): A2 used both as O's maintenance grant and as D's direct accreditation is checked per role: projection-permission contradicted (no scope-maintenance activity) while the direct route is established; authority established. See standards-first-i3-evidence.md (step 3).
C15,Unused provenance cycle,Does not invalidate an otherwise established request.,I3,passing,"packages/core-ts/src/reliance/{rm-v1-slice,rm-v1-authority}.ts; packages/core-py/qi_vc_core/reliance/{rm_v1_artifacts,rm_v1_authority}.py",packages/core-ts/tests/rm-v1-authority.test.ts; packages/core-py/tests/test_rm_v1_authority.py,pnpm -C packages/core-ts exec vitest run tests/rm-v1-authority.test.ts tests/rm-v1-slice.test.ts; uv run --locked --all-packages --extra dev pytest packages/core-py/tests/test_rm_v1_authority.py packages/core-py/tests/test_rm_v1_slice.py,0;0,"Passing 2026-09-25 (I3 step 3): D197 and D520 re-signed to reference each other and supplied as evidence form an unused reference cycle; route witnesses and decision equal the baseline. The binding has no provenance term, so an unused reference cycle is the inert-cycle control. See standards-first-i3-evidence.md (step 3)."
C16,Route/depth/time limit reached before search completes,"Incomplete result, not false contradiction or acceptance.",I3,passing,"packages/core-ts/src/reliance/{rm-v1-slice,rm-v1-authority,rm-scope}.ts; packages/core-py/qi_vc_core/reliance/{rm_v1_artifacts,rm_v1_authority,rm_scope}.py","packages/core-ts/tests/{rm-v1-authority,rm-v1-slice}.test.ts; packages/core-py/tests/{test_rm_v1_authority,test_rm_v1_slice}.py",pnpm -C packages/core-ts exec vitest run tests/rm-v1-authority.test.ts tests/rm-v1-slice.test.ts; uv run --locked --all-packages --extra dev pytest packages/core-py/tests/test_rm_v1_authority.py packages/core-py/tests/test_rm_v1_slice.py,0;0,"Passing 2026-09-25 (I3): composition with an unexplored route is not_established citing the budget; end to end, maxRoutes 1 with two permitted routes reports the second as not_run and authorization not_established. See standards-first-i3-evidence.md."
E01,Pinned Recognized Entities chain with proper membership/action/anchor,Recognition facts established under experimental adapter.,I6,not_implemented,,,,,I0 audit 2026-09-24: new binding/evaluator and secured acceptance harness pending. See standards-first-i0-evidence.md.
E02,Recognition succeeds but action/output validator fails,No authority for that requested action/output.,I6,not_implemented,,,,,I0 audit 2026-09-24: new binding/evaluator and secured acceptance harness pending. See standards-first-i0-evidence.md.
E03,"Recognition and action succeed, QI claim outside scope",Reliance rejected for scope.,I6,not_implemented,,,,,I0 audit 2026-09-24: new binding/evaluator and secured acceptance harness pending. See standards-first-i0-evidence.md.
E04,Identifier discovery requested but unsupported,"Explicit unsupported result; or, if implemented, enforce presentation proof and issuer binding.",I6,not_implemented,,,,,I0 audit 2026-09-24: new binding/evaluator and secured acceptance harness pending. See standards-first-i0-evidence.md.
E05,"Authority-issued answer bound to exact point claim, scope version and activity time",Predicate established under accepted attestation policy.,I6,not_implemented,,,,,I0 audit 2026-09-24: new binding/evaluator and secured acceptance harness pending. See standards-first-i0-evidence.md.
E06,Valid answer for wrong claim/grantee/time/version,Cannot discharge requested predicate.,I6,not_implemented,,,,,I0 audit 2026-09-24: new binding/evaluator and secured acceptance harness pending. See standards-first-i0-evidence.md.
E07,Correct answer signed by non-authorized party or self-authorizing endpoint,Not accepted as authoritative evidence.,I6,not_implemented,,,,,I0 audit 2026-09-24: new binding/evaluator and secured acceptance harness pending. See standards-first-i0-evidence.md.
E08,Point-coverage answer offered as full O⊆A proof,Cannot discharge containment.,I6,not_implemented,,,,,I0 audit 2026-09-24: new binding/evaluator and secured acceptance harness pending. See standards-first-i0-evidence.md.
E09,Answer stale/expired/unavailable under applicable policy,Required predicate not established or contradicted as appropriate.,I6,not_implemented,,,,,I0 audit 2026-09-24: new binding/evaluator and secured acceptance harness pending. See standards-first-i0-evidence.md.
E10,"Disclosure hides required binding, method restriction or supporting link",Insufficient evidence; no reliance.,I7,not_implemented,,,,,I0 audit 2026-09-24: new binding/evaluator and secured acceptance harness pending. See standards-first-i0-evidence.md.
E11,Different legitimate selective-disclosure representations of the same issued object,Suite-aware identity treatment; no simplistic byte-conflict rule.,I7,not_implemented,,,,,I0 audit 2026-09-24: new binding/evaluator and secured acceptance harness pending. See standards-first-i0-evidence.md.
E12,UI proof-disabled simulation and real verified run,Visibly distinct assurance; same semantic engine when applicable.,I7,not_implemented,,,,,I0 audit 2026-09-24: new binding/evaluator and secured acceptance harness pending. See standards-first-i0-evidence.md.
E13,RM UI switches 178→197→520,"Correct distinct state, reason, arithmetic and graph inspection.",I7,not_implemented,,,,,I0 audit 2026-09-24: new binding/evaluator and secured acceptance harness pending. See standards-first-i0-evidence.md.
E14,UI changes scenario value through reissuance versus tamper control,Reissued proof remains valid; tamper test fails protection.,I7,not_implemented,,,,,I0 audit 2026-09-24: new binding/evaluator and secured acceptance harness pending. See standards-first-i0-evidence.md.
E15,"Full fixture bundle offline, required static resources locally pinned",Reproducible end-to-end pass without internet.,I8,not_implemented,,,,,I0 audit 2026-09-24: new binding/evaluator and secured acceptance harness pending. See standards-first-i0-evidence.md.
